<application>
  <component name="CodotaSettings">
    <option name="methodCompletionsPercentageSet" value="true" />
    <option name="id" value="96addf9c-59cb-4d98-820d-b32b5779e3d6" />
    <option name="wasRunBefore" value="true" />
    <option name="firstRun" value="1635066641476" />
    <option name="generation" value="129" />
    <option name="updateGeneration" value="1" />
    <option name="isInJSBeta" value="YES" />
    <option name="isMethodCompletionsPercentageActive" value="true" />
    <option name="isMethodCompletionsPercentageSet" value="true" />
    <option name="testedFeatureFlags">
      <set>
        <option value="deep-completions" />
      </set>
    </option>
    <option name="usedLanguages">
      <set>
        <option value="java" />
        <option value="javascript" />
      </set>
    </option>
    <option name="lastTabnineRecommendationDisplayDate" value="1635992230725" />
  </component>
</application>